S.No,Register_No,Student_Name,Course_Code,Course_Title,Attendance_Percentage,Status
1,RA2452001030066,AAKASH BAJPAI,MBG24301T,STRATEGIC MANAGEMENT,43.75,Shortage
2,RA2452001030066,AAKASH BAJPAI,MBG24302T,ARTIFICIAL INTELLIGENCE FOR BUSINESS,25.00,Shortage
3,RA2452001030066,AAKASH BAJPAI,MBG24303L,MAIN PROJECT,33.33,Shortage
4,RA2452001030066,AAKASH BAJPAI,MBG24B05L,MARKETING ANALYTICS,23.53,Shortage
5,RA2452001030066,AAKASH BAJPAI,MBG24B11L,INTRODUCTION TO MACHINE LEARNING,5.88,Shortage
6,RA2452001030066,AAKASH BAJPAI,MBG24M07T,INTEGRATED MARKETING COMMUNICATIONS,23.53,Shortage
7,RA2552001030001,AMAN ANSH,MBG24302T,ARTIFICIAL INTELLIGENCE FOR BUSINESS,87.50,Eligible
8,RA2552001030001,AMAN ANSH,MBG24F09T,FINANCIAL ANALYTICS,88.24,Eligible
9,RA2552001030001,AMAN ANSH,MBG24B11L,INTRODUCTION TO MACHINE LEARNING,88.24,Eligible
10,RA2552001030001,AMAN ANSH,MBG24B06L,FINANCIAL ANALYTICS,88.24,Eligible
11,RA2552001030001,AMAN ANSH,MBG24303L,MAIN PROJECT,100.00,Eligible
12,RA2552001030001,AMAN ANSH,MBG24301T,STRATEGIC MANAGEMENT,87.50,Eligible
13,RA2552001030002,ARPIT RANJAN,MBG24302T,ARTIFICIAL INTELLIGENCE FOR BUSINESS,81.25,Eligible
14,RA2552001030002,ARPIT RANJAN,MBG24F09T,FINANCIAL ANALYTICS,88.24,Eligible
15,RA2552001030002,ARPIT RANJAN,MBG24B11L,INTRODUCTION TO MACHINE LEARNING,88.24,Eligible
16,RA2552001030002,ARPIT RANJAN,MBG24B06L,FINANCIAL ANALYTICS,88.24,Eligible
17,RA2552001030002,ARPIT RANJAN,MBG24303L,MAIN PROJECT,100.00,Eligible
18,RA2552001030002,ARPIT RANJAN,MBG24301T,STRATEGIC MANAGEMENT,81.25,Eligible
19,RA2552001030003,JATIN TYAGI,MBG24301T,STRATEGIC MANAGEMENT,75.00,Eligible
20,RA2552001030003,JATIN TYAGI,MBG24302T,ARTIFICIAL INTELLIGENCE FOR BUSINESS,81.25,Eligible
21,RA2552001030003,JATIN TYAGI,MBG24303L,MAIN PROJECT,91.67,Eligible
22,RA2552001030003,JATIN TYAGI,MBG24B11L,INTRODUCTION TO MACHINE LEARNING,76.47,Eligible
23,RA2552001030003,JATIN TYAGI,MBG24F05T,FINTECH,82.35,Eligible
24,RA2552001030003,JATIN TYAGI,MBG24F09T,FINANCIAL ANALYTICS,76.47,Eligible
25,RA2552001030004,NOREEN FATIMA,MBG24301T,STRATEGIC MANAGEMENT,75.00,Eligible
26,RA2552001030004,NOREEN FATIMA,MBG24302T,ARTIFICIAL INTELLIGENCE FOR BUSINESS,68.75,Shortage
27,RA2552001030004,NOREEN FATIMA,MBG24303L,MAIN PROJECT,95.83,Eligible
28,RA2552001030004,NOREEN FATIMA,MBG24B11L,INTRODUCTION TO MACHINE LEARNING,76.47,Eligible
29,RA2552001030004,NOREEN FATIMA,MBG24F05T,FINTECH,76.47,Eligible
30,RA2552001030004,NOREEN FATIMA,MBG24F09T,FINANCIAL ANALYTICS,76.47,Eligible
31,RA2552001030005,RIYA,MBG24301T,STRATEGIC MANAGEMENT,75.00,Eligible
32,RA2552001030005,RIYA,MBG24302T,ARTIFICIAL INTELLIGENCE FOR BUSINESS,81.25,Eligible
33,RA2552001030005,RIYA,MBG24303L,MAIN PROJECT,87.50,Eligible
34,RA2552001030005,RIYA,MBG24B05L,MARKETING ANALYTICS,82.35,Eligible
35,RA2552001030005,RIYA,MBG24B11L,INTRODUCTION TO MACHINE LEARNING,82.35,Eligible
36,RA2552001030005,RIYA,MBG24F05T,FINTECH,82.35,Eligible
37,RA2552001030006,PAYAL KUMARI,MBG24301T,STRATEGIC MANAGEMENT,81.25,Eligible
38,RA2552001030006,PAYAL KUMARI,MBG24H09T,NLP AND PSYCHOLOGICAL TESTING (NEURO - LINGUISTIC PROGRAM),82.35,Eligible
39,RA2552001030006,PAYAL KUMARI,MBG24H06T,HUMAN RESOURCE METRICS AND ANALYTICS,82.35,Eligible
40,RA2552001030006,PAYAL KUMARI,MBG24B06L,FINANCIAL ANALYTICS,82.35,Eligible
41,RA2552001030006,PAYAL KUMARI,MBG24303L,MAIN PROJECT,95.83,Eligible
42,RA2552001030006,PAYAL KUMARI,MBG24302T,ARTIFICIAL INTELLIGENCE FOR BUSINESS,81.25,Eligible
43,RA2552001030007,BHARDWAJ MEGHNA RAJNEESH,MBG24F09T,FINANCIAL ANALYTICS,70.59,Shortage
44,RA2552001030007,BHARDWAJ MEGHNA RAJNEESH,MBG24F05T,FINTECH,70.59,Shortage
45,RA2552001030007,BHARDWAJ MEGHNA RAJNEESH,MBG24B11L,INTRODUCTION TO MACHINE LEARNING,70.59,Shortage
46,RA2552001030007,BHARDWAJ MEGHNA RAJNEESH,MBG24303L,MAIN PROJECT,66.67,Shortage
47,RA2552001030007,BHARDWAJ MEGHNA RAJNEESH,MBG24302T,ARTIFICIAL INTELLIGENCE FOR BUSINESS,75.00,Eligible
48,RA2552001030007,BHARDWAJ MEGHNA RAJNEESH,MBG24301T,STRATEGIC MANAGEMENT,68.75,Shortage
49,RA2552001030008,VARSHATYAGI,MBG24301T,STRATEGIC MANAGEMENT,87.50,Eligible
50,RA2552001030008,VARSHATYAGI,MBG24M07T,INTEGRATED MARKETING COMMUNICATIONS,100.00,Eligible
51,RA2552001030008,VARSHATYAGI,MBG24B11L,INTRODUCTION TO MACHINE LEARNING,100.00,Eligible
52,RA2552001030008,VARSHATYAGI,MBG24B05L,MARKETING ANALYTICS,88.24,Eligible
53,RA2552001030008,VARSHATYAGI,MBG24303L,MAIN PROJECT,100.00,Eligible
54,RA2552001030008,VARSHATYAGI,MBG24302T,ARTIFICIAL INTELLIGENCE FOR BUSINESS,100.00,Eligible
55,RA2552001030009,VIDYA R GAUR,MBG24301T,STRATEGIC MANAGEMENT,87.50,Eligible
56,RA2552001030009,VIDYA R GAUR,MBG24302T,ARTIFICIAL INTELLIGENCE FOR BUSINESS,75.00,Eligible
57,RA2552001030009,VIDYA R GAUR,MBG24303L,MAIN PROJECT,100.00,Eligible
58,RA2552001030009,VIDYA R GAUR,MBG24B05L,MARKETING ANALYTICS,88.24,Eligible
59,RA2552001030009,VIDYA R GAUR,MBG24B11L,INTRODUCTION TO MACHINE LEARNING,88.24,Eligible
60,RA2552001030009,VIDYA R GAUR,MBG24M07T,INTEGRATED MARKETING COMMUNICATIONS,88.24,Eligible
61,RA2552001030010,RITIK SINGH RANA,MBG24301T,STRATEGIC MANAGEMENT,62.50,Shortage
62,RA2552001030010,RITIK SINGH RANA,MBG24302T,ARTIFICIAL INTELLIGENCE FOR BUSINESS,81.25,Eligible
63,RA2552001030010,RITIK SINGH RANA,MBG24303L,MAIN PROJECT,54.17,Shortage
64,RA2552001030010,RITIK SINGH RANA,MBG24B11L,INTRODUCTION TO MACHINE LEARNING,64.71,Shortage
65,RA2552001030010,RITIK SINGH RANA,MBG24F05T,FINTECH,64.71,Shortage
66,RA2552001030010,RITIK SINGH RANA,MBG24F09T,FINANCIAL ANALYTICS,64.71,Shortage
67,RA2552001030011,SHIVAM SHARMA,MBG24F09T,FINANCIAL ANALYTICS,70.59,Shortage
68,RA2552001030011,SHIVAM SHARMA,MBG24F05T,FINTECH,76.47,Eligible
69,RA2552001030011,SHIVAM SHARMA,MBG24B11L,INTRODUCTION TO MACHINE LEARNING,76.47,Eligible
70,RA2552001030011,SHIVAM SHARMA,MBG24303L,MAIN PROJECT,70.83,Shortage
71,RA2552001030011,SHIVAM SHARMA,MBG24302T,ARTIFICIAL INTELLIGENCE FOR BUSINESS,81.25,Eligible
72,RA2552001030011,SHIVAM SHARMA,MBG24301T,STRATEGIC MANAGEMENT,68.75,Shortage
73,RA2552001030012,DIPANSHU,MBG24301T,STRATEGIC MANAGEMENT,75.00,Eligible
74,RA2552001030012,DIPANSHU,MBG24302T,ARTIFICIAL INTELLIGENCE FOR BUSINESS,81.25,Eligible
75,RA2552001030012,DIPANSHU,MBG24303L,MAIN PROJECT,91.67,Eligible
76,RA2552001030012,DIPANSHU,MBG24B06L,FINANCIAL ANALYTICS,88.24,Eligible
77,RA2552001030012,DIPANSHU,MBG24B11L,INTRODUCTION TO MACHINE LEARNING,82.35,Eligible
78,RA2552001030012,DIPANSHU,MBG24F09T,FINANCIAL ANALYTICS,88.24,Eligible
79,RA2552001030013,GAURAV CHAUHAN,MBG24B11L,INTRODUCTION TO MACHINE LEARNING,82.35,Eligible
80,RA2552001030013,GAURAV CHAUHAN,MBG24301T,STRATEGIC MANAGEMENT,81.25,Eligible
81,RA2552001030013,GAURAV CHAUHAN,MBG24302T,ARTIFICIAL INTELLIGENCE FOR BUSINESS,81.25,Eligible
82,RA2552001030013,GAURAV CHAUHAN,MBG24303L,MAIN PROJECT,70.83,Shortage
83,RA2552001030013,GAURAV CHAUHAN,MBG24F05T,FINTECH,76.47,Eligible
84,RA2552001030013,GAURAV CHAUHAN,MBG24F09T,FINANCIAL ANALYTICS,82.35,Eligible
85,RA2552001030015,CHIRAG TYAGI,MBG24F09T,FINANCIAL ANALYTICS,70.59,Shortage
86,RA2552001030015,CHIRAG TYAGI,MBG24301T,STRATEGIC MANAGEMENT,68.75,Shortage
87,RA2552001030015,CHIRAG TYAGI,MBG24302T,ARTIFICIAL INTELLIGENCE FOR BUSINESS,68.75,Shortage
88,RA2552001030015,CHIRAG TYAGI,MBG24303L,MAIN PROJECT,54.17,Shortage
89,RA2552001030015,CHIRAG TYAGI,MBG24B06L,FINANCIAL ANALYTICS,70.59,Shortage
90,RA2552001030015,CHIRAG TYAGI,MBG24B11L,INTRODUCTION TO MACHINE LEARNING,70.59,Shortage
91,RA2552001030016,AKSHAT SRIVASTAVA,MBG24301T,STRATEGIC MANAGEMENT,62.50,Shortage
92,RA2552001030016,AKSHAT SRIVASTAVA,MBG24F09T,FINANCIAL ANALYTICS,58.82,Shortage
93,RA2552001030016,AKSHAT SRIVASTAVA,MBG24B11L,INTRODUCTION TO MACHINE LEARNING,58.82,Shortage
94,RA2552001030016,AKSHAT SRIVASTAVA,MBG24B06L,FINANCIAL ANALYTICS,58.82,Shortage
95,RA2552001030016,AKSHAT SRIVASTAVA,MBG24303L,MAIN PROJECT,87.50,Eligible
96,RA2552001030016,AKSHAT SRIVASTAVA,MBG24302T,ARTIFICIAL INTELLIGENCE FOR BUSINESS,56.25,Shortage
97,RA2552001030017,AKSHAY SHARAWAT,MBG24303L,MAIN PROJECT,70.83,Shortage
98,RA2552001030017,AKSHAY SHARAWAT,MBG24F05T,FINTECH,76.47,Eligible
99,RA2552001030017,AKSHAY SHARAWAT,MBG24B11L,INTRODUCTION TO MACHINE LEARNING,76.47,Eligible
100,RA2552001030017,AKSHAY SHARAWAT,MBG24301T,STRATEGIC MANAGEMENT,62.50,Shortage
101,RA2552001030017,AKSHAY SHARAWAT,MBG24B05L,MARKETING ANALYTICS,41.18,Shortage
102,RA2552001030017,AKSHAY SHARAWAT,MBG24302T,ARTIFICIAL INTELLIGENCE FOR BUSINESS,50.00,Shortage
103,RA2552001030018,SANJEEV SAURAV,MBG24301T,STRATEGIC MANAGEMENT,62.50,Shortage
104,RA2552001030018,SANJEEV SAURAV,MBG24302T,ARTIFICIAL INTELLIGENCE FOR BUSINESS,68.75,Shortage
105,RA2552001030018,SANJEEV SAURAV,MBG24303L,MAIN PROJECT,54.17,Shortage
106,RA2552001030018,SANJEEV SAURAV,MBG24B05L,MARKETING ANALYTICS,64.71,Shortage
107,RA2552001030018,SANJEEV SAURAV,MBG24B11L,INTRODUCTION TO MACHINE LEARNING,58.82,Shortage
108,RA2552001030018,SANJEEV SAURAV,MBG24M07T,INTEGRATED MARKETING COMMUNICATIONS,58.82,Shortage
109,RA2552001030019,VANSHI SEN JINDAL,MBG24F09T,FINANCIAL ANALYTICS,76.47,Eligible
110,RA2552001030019,VANSHI SEN JINDAL,MBG24301T,STRATEGIC MANAGEMENT,75.00,Eligible
111,RA2552001030019,VANSHI SEN JINDAL,MBG24302T,ARTIFICIAL INTELLIGENCE FOR BUSINESS,68.75,Shortage
112,RA2552001030019,VANSHI SEN JINDAL,MBG24303L,MAIN PROJECT,87.50,Eligible
113,RA2552001030019,VANSHI SEN JINDAL,MBG24B11L,INTRODUCTION TO MACHINE LEARNING,82.35,Eligible
114,RA2552001030019,VANSHI SEN JINDAL,MBG24F05T,FINTECH,70.59,Shortage
115,RA2552001030020,SHUBHAM TYAGI,MBG24301T,STRATEGIC MANAGEMENT,43.75,Shortage
116,RA2552001030020,SHUBHAM TYAGI,MBG24B11L,INTRODUCTION TO MACHINE LEARNING,47.06,Shortage
117,RA2552001030020,SHUBHAM TYAGI,MBG24B06L,FINANCIAL ANALYTICS,41.18,Shortage
118,RA2552001030020,SHUBHAM TYAGI,MBG24303L,MAIN PROJECT,75.00,Eligible
119,RA2552001030020,SHUBHAM TYAGI,MBG24302T,ARTIFICIAL INTELLIGENCE FOR BUSINESS,43.75,Shortage
120,RA2552001030020,SHUBHAM TYAGI,MBG24F09T,FINANCIAL ANALYTICS,41.18,Shortage
121,RA2552001030021,RUTH SAINI,MBG24302T,ARTIFICIAL INTELLIGENCE FOR BUSINESS,43.75,Shortage
122,RA2552001030021,RUTH SAINI,MBG24303L,MAIN PROJECT,75.00,Eligible
123,RA2552001030021,RUTH SAINI,MBG24B06L,FINANCIAL ANALYTICS,41.18,Shortage
124,RA2552001030021,RUTH SAINI,MBG24H06T,HUMAN RESOURCE METRICS AND ANALYTICS,47.06,Shortage
125,RA2552001030021,RUTH SAINI,MBG24H09T,NLP AND PSYCHOLOGICAL TESTING (NEURO - LINGUISTIC PROGRAM),41.18,Shortage
126,RA2552001030021,RUTH SAINI,MBG24301T,STRATEGIC MANAGEMENT,43.75,Shortage
127,RA2552001030022,ITIKA GUPTA,MBG24M11T,RETAIL MANAGEMENT,76.47,Eligible
128,RA2552001030022,ITIKA GUPTA,MBG24B05L,MARKETING ANALYTICS,76.47,Eligible
129,RA2552001030022,ITIKA GUPTA,MBG24303L,MAIN PROJECT,83.33,Eligible
130,RA2552001030022,ITIKA GUPTA,MBG24302T,ARTIFICIAL INTELLIGENCE FOR BUSINESS,62.50,Shortage
131,RA2552001030022,ITIKA GUPTA,MBG24301T,STRATEGIC MANAGEMENT,75.00,Eligible
132,RA2552001030022,ITIKA GUPTA,MBG24M07T,INTEGRATED MARKETING COMMUNICATIONS,76.47,Eligible
133,RA2552001030023,ARHAM KHAN,MBG24F05T,FINTECH,64.71,Shortage
134,RA2552001030023,ARHAM KHAN,MBG24301T,STRATEGIC MANAGEMENT,62.50,Shortage
135,RA2552001030023,ARHAM KHAN,MBG24302T,ARTIFICIAL INTELLIGENCE FOR BUSINESS,75.00,Eligible
136,RA2552001030023,ARHAM KHAN,MBG24303L,MAIN PROJECT,83.33,Eligible
137,RA2552001030023,ARHAM KHAN,MBG24B11L,INTRODUCTION TO MACHINE LEARNING,58.82,Shortage
138,RA2552001030023,ARHAM KHAN,MBG24F09T,FINANCIAL ANALYTICS,58.82,Shortage
139,RA2552001030024,ANSH,MBG24F09T,FINANCIAL ANALYTICS,70.59,Shortage
140,RA2552001030024,ANSH,MBG24F05T,FINTECH,70.59,Shortage
141,RA2552001030024,ANSH,MBG24B11L,INTRODUCTION TO MACHINE LEARNING,76.47,Eligible
142,RA2552001030024,ANSH,MBG24303L,MAIN PROJECT,87.50,Eligible
143,RA2552001030024,ANSH,MBG24302T,ARTIFICIAL INTELLIGENCE FOR BUSINESS,62.50,Shortage
144,RA2552001030024,ANSH,MBG24301T,STRATEGIC MANAGEMENT,75.00,Eligible
145,RA2552001030025,MO KAIF CHAUDHARY,MBG24301T,STRATEGIC MANAGEMENT,87.50,Eligible
146,RA2552001030025,MO KAIF CHAUDHARY,MBG24302T,ARTIFICIAL INTELLIGENCE FOR BUSINESS,75.00,Eligible
147,RA2552001030025,MO KAIF CHAUDHARY,MBG24303L,MAIN PROJECT,91.67,Eligible
148,RA2552001030025,MO KAIF CHAUDHARY,MBG24B11L,INTRODUCTION TO MACHINE LEARNING,82.35,Eligible
149,RA2552001030025,MO KAIF CHAUDHARY,MBG24F05T,FINTECH,82.35,Eligible
150,RA2552001030025,MO KAIF CHAUDHARY,MBG24F09T,FINANCIAL ANALYTICS,82.35,Eligible
151,RA2552001030026,KOMAL KUMARI,MBG24301T,STRATEGIC MANAGEMENT,62.50,Shortage
152,RA2552001030026,KOMAL KUMARI,MBG24302T,ARTIFICIAL INTELLIGENCE FOR BUSINESS,56.25,Shortage
153,RA2552001030026,KOMAL KUMARI,MBG24303L,MAIN PROJECT,91.67,Eligible
154,RA2552001030026,KOMAL KUMARI,MBG24B06L,FINANCIAL ANALYTICS,58.82,Shortage
155,RA2552001030026,KOMAL KUMARI,MBG24H06T,HUMAN RESOURCE METRICS AND ANALYTICS,70.59,Shortage
156,RA2552001030026,KOMAL KUMARI,MBG24H09T,NLP AND PSYCHOLOGICAL TESTING (NEURO - LINGUISTIC PROGRAM),58.82,Shortage
157,RA2552001030027,KUMAR AJJ RUHELA,MBG24301T,STRATEGIC MANAGEMENT,43.75,Shortage
158,RA2552001030027,KUMAR AJJ RUHELA,MBG24302T,ARTIFICIAL INTELLIGENCE FOR BUSINESS,56.25,Shortage
159,RA2552001030027,KUMAR AJJ RUHELA,MBG24303L,MAIN PROJECT,54.17,Shortage
160,RA2552001030027,KUMAR AJJ RUHELA,MBG24B06L,FINANCIAL ANALYTICS,35.29,Shortage
161,RA2552001030027,KUMAR AJJ RUHELA,MBG24B11L,INTRODUCTION TO MACHINE LEARNING,52.94,Shortage
162,RA2552001030027,KUMAR AJJ RUHELA,MBG24H09T,NLP AND PSYCHOLOGICAL TESTING (NEURO - LINGUISTIC PROGRAM),41.18,Shortage
163,RA2552001030028,SUMEDHA CHAUDHARY,MBG24301T,STRATEGIC MANAGEMENT,75.00,Eligible
164,RA2552001030028,SUMEDHA CHAUDHARY,MBG24302T,ARTIFICIAL INTELLIGENCE FOR BUSINESS,56.25,Shortage
165,RA2552001030028,SUMEDHA CHAUDHARY,MBG24303L,MAIN PROJECT,83.33,Eligible
166,RA2552001030028,SUMEDHA CHAUDHARY,MBG24B05L,MARKETING ANALYTICS,76.47,Eligible
167,RA2552001030028,SUMEDHA CHAUDHARY,MBG24M07T,INTEGRATED MARKETING COMMUNICATIONS,76.47,Eligible
168,RA2552001030028,SUMEDHA CHAUDHARY,MBG24M11T,RETAIL MANAGEMENT,76.47,Eligible
169,RA2552001030029,AROHI SAXENA,MBG24301T,STRATEGIC MANAGEMENT,37.50,Shortage
170,RA2552001030029,AROHI SAXENA,MBG24302T,ARTIFICIAL INTELLIGENCE FOR BUSINESS,31.25,Shortage
171,RA2552001030029,AROHI SAXENA,MBG24F09T,FINANCIAL ANALYTICS,35.29,Shortage
172,RA2552001030029,AROHI SAXENA,MBG24B11L,INTRODUCTION TO MACHINE LEARNING,17.65,Shortage
173,RA2552001030029,AROHI SAXENA,MBG24B06L,FINANCIAL ANALYTICS,35.29,Shortage
174,RA2552001030029,AROHI SAXENA,MBG24303L,MAIN PROJECT,37.50,Shortage
